Model,accuracy,n,percent_correct
gemini-3-flash-preview,0.7373737373737373,99,73.73737373737373
claude-sonnet-4-6,0.61,100,61.0
gpt-5.4,0.6,100,60.0
qwen-vl-plus,0.56,100,56.00000000000001
